{
  "assetsByChunkName": {
    "vendors~app-account~app-confirmation~app-order": "chunk.1f3e714ebf3bf05134de.js",
    "vendors~app-account~app-checkout": "chunk.6ed2f4f3e4fc265b530a.js",
    "vendors~app-cart~app-checkout": "chunk.6a2aee40923e232021db.js",
    "admin": [
      "admin.8245db55479c6a2c830e.js",
      "admin.8245db55479c6a2c830e.js.map"
    ],
    "app-account": "chunk.49031bd3f7b6edb82f40.js",
    "app-checkout": "chunk.8550f47bac3d5de3439a.js",
    "app-confirmation": "chunk.6df22f61e2ddfffb2d83.js",
    "checkout": [
      "checkout.d78cd1aa33eff31e9452.js",
      "checkout.d78cd1aa33eff31e9452.js.map"
    ],
    "storefront": [
      "storefront.af19255c59d6b5822730.css",
      "storefront.3c4e28d7502d7abf28fb.js",
      "storefront.af19255c59d6b5822730.css.map",
      "storefront.3c4e28d7502d7abf28fb.js.map"
    ],
    "vendors~app-cart": "chunk.96d64eec6f5d69ec3b97.js",
    "vendors~app-order": "chunk.7ef4fa800f6bf5a5d524.js"
  }
}