{
  "meta_title": "",
  "meta_description": "",
  "sections": [
    {
      "type": "banner-slider",
      "autoplay": 5000,
      "full_width": true,
      "slides": [
        {
          "start": "",
          "end": "",
          "img": "/img/uploads/00eae58c-7007-411f-b276-e025cf3373be.jpeg"
        },
        {
          "start": "",
          "end": "",
          "img": "/img/uploads/img-20220329-wa0034.jpg"
        },
        {
          "start": "",
          "end": "",
          "img": "/img/uploads/img-20220329-wa0036.jpg"
        },
        {
          "start": "",
          "end": "",
          "img": "/img/uploads/img-20220329-wa0037.jpg"
        }
      ]
    },
    {
      "type": "info-bar",
      "enabled": true
    },
    {
      "type": "collection-shelf",
      "shuffle": true,
      "collection_id": null,
      "sort": null,
      "title": "",
      "headless": true,
      "limit": "",
      "page": ""
    },
    {
      "type": "page-title",
      "title": "",
      "description": ""
    }
  ]
}